Student,Group,DIF_Q1,DIF_Q2,DIF_Q3,DIF_Q4,DIF_Q5,DIF_Q6,DIF_Q7,DIF_Q8,DIF_Q9,DIF_Q10
1,1,1.0,0.0,0.0,1.0,1.0,0.0,1.0,0.0,1.0,0.0
2,1,1.0,1.0,1.0,1.0,0.0,1.0,1.0,1.0,1.0,0.0
3,0,1.0,1.0,1.0,1.0,1.0,0.0,1.0,0.0,0.0,0.0
4,0,1.0,0.0,1.0,1.0,0.0,0.0,0.0,0.0,1.0,0.0
5,0,1.0,0.0,1.0,1.0,1.0,0.0,0.0,0.0,1.0,0.0
6,0,1.0,1.0,1.0,0.0,0.0,1.0,0.0,1.0,0.0,0.0
7,0,0.0,1.0,0.0,1.0,1.0,1.0,0.0,0.0,0.0,0.0
8,0,1.0,1.0,1.0,0.0,0.0,0.0,0.0,0.0,0.0,0.0
9,0,1.0,1.0,0.0,1.0,1.0,1.0,1.0,0.0,1.0,0.0
10,1,1.0,1.0,1.0,0.0,1.0,1.0,1.0,1.0,1.0,0.0
11,1,1.0,1.0,1.0,0.0,0.0,0.0,0.0,0.0,0.0,0.0
12,1,1.0,1.0,1.0,1.0,0.0,1.0,1.0,0.0,0.0,0.0
13,1,1.0,1.0,0.0,1.0,1.0,1.0,0.0,1.0,1.0,0.0
14,0,1.0,0.0,1.0,0.0,1.0,1.0,1.0,0.0,0.0,0.0
15,1,1.0,0.0,0.0,0.0,0.0,0.0,0.0,1.0,0.0,0.0
16,0,0.0,0.0,0.0,1.0,0.0,1.0,0.0,0.0,0.0,0.0
17,1,1.0,1.0,0.0,1.0,0.0,1.0,1.0,0.0,0.0,0.0
18,1,1.0,1.0,1.0,1.0,0.0,1.0,0.0,0.0,0.0,1.0
19,0,1.0,1.0,1.0,1.0,0.0,0.0,0.0,0.0,1.0,0.0
20,0,1.0,1.0,0.0,1.0,1.0,0.0,1.0,0.0,0.0,0.0
21,1,1.0,1.0,1.0,1.0,1.0,0.0,1.0,0.0,1.0,1.0
22,0,1.0,1.0,1.0,0.0,1.0,1.0,1.0,0.0,0.0,1.0
23,0,1.0,1.0,1.0,1.0,1.0,1.0,1.0,1.0,1.0,0.0
24,0,1.0,1.0,1.0,1.0,1.0,1.0,0.0,0.0,1.0,0.0
25,0,1.0,1.0,0.0,1.0,0.0,0.0,0.0,0.0,0.0,0.0
26,0,0.0,1.0,1.0,1.0,0.0,0.0,1.0,0.0,0.0,0.0
27,1,0.0,1.0,1.0,0.0,1.0,0.0,1.0,0.0,0.0,0.0
28,0,1.0,1.0,1.0,1.0,0.0,1.0,0.0,1.0,0.0,0.0
29,1,1.0,1.0,1.0,1.0,1.0,0.0,0.0,1.0,0.0,1.0
30,0,1.0,1.0,1.0,1.0,0.0,0.0,0.0,0.0,0.0,0.0
31,1,0.0,0.0,0.0,0.0,0.0,0.0,1.0,0.0,0.0,0.0
32,0,0.0,0.0,0.0,0.0,0.0,0.0,1.0,0.0,0.0,0.0
33,1,0.0,1.0,0.0,0.0,0.0,0.0,0.0,0.0,0.0,0.0
34,0,1.0,1.0,1.0,1.0,1.0,1.0,1.0,0.0,0.0,1.0
35,1,1.0,1.0,0.0,0.0,0.0,1.0,0.0,1.0,0.0,0.0
36,0,1.0,1.0,1.0,1.0,0.0,1.0,1.0,0.0,1.0,0.0
37,0,1.0,1.0,0.0,0.0,1.0,0.0,1.0,0.0,0.0,0.0
38,1,1.0,1.0,1.0,0.0,0.0,0.0,1.0,0.0,0.0,0.0
39,0,1.0,0.0,1.0,0.0,0.0,0.0,0.0,0.0,0.0,0.0
40,0,1.0,1.0,0.0,0.0,1.0,1.0,0.0,0.0,0.0,0.0
41,1,0.0,1.0,1.0,1.0,0.0,0.0,0.0,0.0,0.0,0.0
42,0,1.0,0.0,0.0,0.0,0.0,0.0,0.0,0.0,0.0,0.0
43,1,1.0,1.0,0.0,1.0,1.0,1.0,1.0,0.0,1.0,0.0
44,0,0.0,1.0,1.0,1.0,0.0,0.0,0.0,0.0,0.0,0.0
45,0,1.0,1.0,1.0,1.0,1.0,1.0,1.0,1.0,0.0,0.0
46,1,0.0,1.0,1.0,1.0,1.0,1.0,1.0,0.0,1.0,0.0
47,1,1.0,0.0,1.0,0.0,0.0,0.0,0.0,0.0,0.0,0.0
48,0,1.0,1.0,0.0,1.0,0.0,0.0,0.0,0.0,0.0,1.0
49,1,1.0,1.0,1.0,1.0,0.0,0.0,1.0,1.0,0.0,0.0
50,0,1.0,1.0,0.0,0.0,1.0,1.0,1.0,1.0,0.0,0.0
51,0,0.0,1.0,0.0,0.0,0.0,0.0,0.0,0.0,0.0,0.0
52,0,1.0,1.0,1.0,1.0,1.0,1.0,1.0,1.0,0.0,0.0
53,1,1.0,1.0,1.0,1.0,0.0,0.0,0.0,0.0,0.0,1.0
54,1,1.0,1.0,1.0,1.0,1.0,1.0,0.0,1.0,1.0,1.0
55,0,1.0,1.0,1.0,1.0,1.0,0.0,0.0,1.0,0.0,0.0
56,0,1.0,1.0,1.0,0.0,1.0,1.0,1.0,1.0,0.0,1.0
57,1,1.0,1.0,1.0,1.0,0.0,1.0,1.0,0.0,0.0,1.0
58,1,1.0,0.0,0.0,0.0,0.0,0.0,1.0,0.0,0.0,0.0
59,0,1.0,1.0,1.0,1.0,1.0,0.0,1.0,0.0,0.0,0.0
60,0,1.0,1.0,1.0,1.0,1.0,1.0,0.0,0.0,0.0,0.0
61,0,1.0,0.0,0.0,1.0,1.0,1.0,0.0,0.0,1.0,0.0
62,0,1.0,0.0,0.0,1.0,0.0,0.0,1.0,0.0,0.0,0.0
63,0,1.0,1.0,1.0,1.0,0.0,0.0,0.0,1.0,1.0,1.0
64,1,0.0,1.0,1.0,1.0,0.0,0.0,1.0,1.0,0.0,0.0
65,1,1.0,1.0,1.0,1.0,1.0,1.0,0.0,1.0,0.0,1.0
66,0,1.0,1.0,0.0,1.0,0.0,0.0,0.0,0.0,0.0,1.0
67,0,1.0,1.0,1.0,1.0,1.0,1.0,1.0,1.0,1.0,0.0
68,0,1.0,0.0,1.0,0.0,1.0,0.0,1.0,0.0,0.0,0.0
69,0,1.0,0.0,1.0,1.0,1.0,0.0,0.0,1.0,0.0,1.0
70,0,1.0,1.0,0.0,0.0,0.0,0.0,0.0,0.0,0.0,0.0
71,0,1.0,1.0,1.0,1.0,0.0,0.0,0.0,0.0,0.0,0.0
72,1,0.0,1.0,1.0,1.0,0.0,1.0,0.0,0.0,0.0,1.0
73,1,1.0,1.0,1.0,1.0,0.0,1.0,0.0,1.0,0.0,0.0
74,0,1.0,1.0,1.0,0.0,1.0,1.0,0.0,0.0,0.0,0.0
75,0,1.0,0.0,0.0,1.0,1.0,0.0,0.0,0.0,1.0,0.0
76,1,1.0,1.0,1.0,0.0,0.0,0.0,0.0,0.0,0.0,1.0
77,1,1.0,1.0,0.0,0.0,1.0,0.0,0.0,0.0,1.0,0.0
78,1,0.0,1.0,0.0,0.0,0.0,0.0,1.0,0.0,1.0,0.0
79,0,1.0,1.0,0.0,1.0,1.0,0.0,1.0,0.0,0.0,0.0
80,0,1.0,1.0,1.0,0.0,1.0,0.0,0.0,1.0,0.0,0.0
81,0,1.0,1.0,1.0,1.0,1.0,1.0,1.0,1.0,1.0,1.0
82,0,1.0,1.0,0.0,1.0,1.0,1.0,1.0,0.0,0.0,0.0
83,1,1.0,0.0,0.0,1.0,1.0,0.0,1.0,1.0,0.0,0.0
84,1,1.0,1.0,0.0,0.0,0.0,0.0,0.0,0.0,0.0,0.0
85,1,1.0,0.0,1.0,0.0,0.0,0.0,0.0,0.0,1.0,0.0
86,1,1.0,1.0,1.0,1.0,0.0,1.0,0.0,0.0,1.0,0.0
87,1,1.0,0.0,0.0,0.0,0.0,0.0,0.0,0.0,0.0,0.0
88,1,1.0,1.0,1.0,1.0,0.0,1.0,1.0,0.0,0.0,0.0
89,0,1.0,1.0,1.0,1.0,1.0,1.0,1.0,1.0,0.0,0.0
90,1,1.0,1.0,0.0,1.0,1.0,0.0,0.0,0.0,1.0,0.0
91,1,1.0,1.0,1.0,1.0,0.0,1.0,1.0,1.0,1.0,1.0
92,0,1.0,0.0,1.0,1.0,0.0,0.0,0.0,0.0,0.0,0.0
93,1,1.0,1.0,0.0,1.0,0.0,0.0,0.0,0.0,0.0,0.0
94,1,1.0,1.0,1.0,0.0,0.0,1.0,0.0,0.0,0.0,0.0
95,0,1.0,1.0,1.0,1.0,0.0,0.0,0.0,0.0,0.0,0.0
96,1,1.0,0.0,1.0,0.0,1.0,1.0,1.0,0.0,1.0,0.0
97,1,1.0,1.0,0.0,1.0,0.0,0.0,0.0,0.0,0.0,0.0
98,0,1.0,1.0,0.0,1.0,1.0,1.0,1.0,0.0,1.0,1.0
99,1,1.0,1.0,1.0,1.0,0.0,0.0,0.0,0.0,0.0,0.0
100,1,0.0,1.0,1.0,0.0,0.0,0.0,0.0,0.0,0.0,0.0
101,1,1.0,1.0,1.0,1.0,1.0,1.0,0.0,0.0,0.0,0.0
102,0,1.0,1.0,0.0,1.0,0.0,0.0,1.0,1.0,0.0,1.0
103,1,1.0,1.0,0.0,1.0,1.0,0.0,0.0,1.0,1.0,0.0
104,1,0.0,1.0,0.0,0.0,1.0,0.0,0.0,0.0,0.0,0.0
105,0,1.0,1.0,1.0,1.0,1.0,0.0,1.0,0.0,1.0,0.0
106,0,1.0,1.0,0.0,0.0,0.0,1.0,0.0,0.0,0.0,0.0
107,1,0.0,0.0,1.0,0.0,0.0,1.0,0.0,0.0,0.0,0.0
108,0,0.0,0.0,1.0,1.0,0.0,0.0,0.0,0.0,0.0,0.0
109,0,1.0,1.0,1.0,1.0,1.0,1.0,1.0,1.0,0.0,0.0
110,0,1.0,1.0,0.0,0.0,0.0,0.0,0.0,0.0,0.0,0.0
111,1,0.0,1.0,1.0,0.0,0.0,1.0,0.0,0.0,0.0,0.0
112,0,1.0,1.0,1.0,0.0,0.0,0.0,0.0,0.0,1.0,0.0
113,0,1.0,1.0,1.0,1.0,1.0,1.0,0.0,1.0,0.0,0.0
114,0,0.0,1.0,1.0,1.0,1.0,0.0,1.0,0.0,0.0,0.0
115,0,1.0,1.0,1.0,1.0,1.0,1.0,1.0,0.0,0.0,0.0
116,0,0.0,0.0,1.0,1.0,0.0,0.0,0.0,1.0,0.0,0.0
117,0,1.0,0.0,0.0,0.0,0.0,0.0,0.0,0.0,0.0,0.0
118,0,1.0,1.0,1.0,1.0,1.0,1.0,0.0,1.0,1.0,0.0
119,0,1.0,1.0,1.0,1.0,1.0,1.0,1.0,0.0,0.0,1.0
120,0,1.0,1.0,1.0,0.0,0.0,1.0,0.0,1.0,0.0,0.0
121,0,1.0,1.0,1.0,1.0,1.0,1.0,1.0,1.0,0.0,1.0
122,0,0.0,1.0,1.0,1.0,1.0,0.0,0.0,0.0,0.0,0.0
123,0,1.0,1.0,0.0,0.0,0.0,0.0,0.0,1.0,0.0,0.0
124,0,1.0,1.0,1.0,1.0,1.0,1.0,0.0,1.0,0.0,1.0
125,1,1.0,1.0,1.0,1.0,1.0,1.0,1.0,1.0,1.0,0.0
126,1,1.0,1.0,0.0,0.0,0.0,1.0,0.0,0.0,1.0,0.0
127,1,1.0,0.0,1.0,1.0,0.0,1.0,0.0,1.0,0.0,1.0
128,0,1.0,1.0,1.0,1.0,1.0,1.0,0.0,0.0,0.0,0.0
129,1,1.0,0.0,0.0,1.0,0.0,1.0,0.0,0.0,0.0,1.0
130,0,1.0,1.0,1.0,1.0,1.0,0.0,1.0,1.0,1.0,1.0
131,1,1.0,1.0,1.0,0.0,1.0,1.0,1.0,0.0,0.0,0.0
132,1,1.0,0.0,1.0,0.0,1.0,1.0,1.0,0.0,0.0,0.0
133,1,1.0,1.0,1.0,1.0,0.0,0.0,1.0,0.0,0.0,0.0
134,1,1.0,1.0,1.0,1.0,0.0,0.0,0.0,1.0,1.0,0.0
135,1,1.0,1.0,0.0,1.0,1.0,1.0,1.0,1.0,0.0,0.0
136,0,1.0,1.0,1.0,1.0,1.0,1.0,1.0,1.0,0.0,0.0
137,0,1.0,1.0,1.0,1.0,1.0,1.0,1.0,0.0,1.0,0.0
138,0,1.0,1.0,1.0,1.0,1.0,1.0,1.0,1.0,0.0,0.0
139,0,1.0,1.0,0.0,1.0,0.0,0.0,0.0,0.0,0.0,0.0
140,1,1.0,0.0,0.0,0.0,1.0,0.0,0.0,0.0,0.0,0.0
141,0,1.0,1.0,0.0,1.0,0.0,0.0,0.0,0.0,0.0,0.0
142,1,1.0,1.0,1.0,1.0,0.0,1.0,0.0,0.0,0.0,0.0
143,1,1.0,1.0,1.0,1.0,1.0,1.0,1.0,1.0,1.0,1.0
144,1,0.0,0.0,1.0,1.0,1.0,0.0,0.0,0.0,0.0,0.0
145,1,1.0,1.0,1.0,1.0,0.0,0.0,1.0,0.0,1.0,1.0
146,0,1.0,1.0,1.0,0.0,1.0,1.0,0.0,0.0,0.0,1.0
147,0,1.0,0.0,0.0,0.0,1.0,0.0,1.0,0.0,0.0,1.0
148,0,1.0,1.0,1.0,0.0,0.0,0.0,0.0,0.0,0.0,0.0
149,0,1.0,1.0,1.0,1.0,1.0,1.0,0.0,1.0,0.0,0.0
150,1,1.0,1.0,1.0,1.0,0.0,1.0,1.0,0.0,0.0,0.0
151,0,0.0,0.0,1.0,0.0,0.0,0.0,0.0,0.0,0.0,0.0
152,0,1.0,1.0,1.0,1.0,0.0,1.0,0.0,1.0,1.0,0.0
153,0,1.0,1.0,1.0,0.0,1.0,0.0,0.0,0.0,0.0,1.0
154,1,1.0,1.0,1.0,1.0,0.0,1.0,1.0,0.0,0.0,0.0
155,0,1.0,1.0,1.0,0.0,0.0,0.0,1.0,0.0,0.0,0.0
156,1,1.0,1.0,1.0,1.0,1.0,1.0,1.0,1.0,1.0,0.0
157,0,1.0,1.0,0.0,1.0,1.0,0.0,1.0,1.0,1.0,0.0
158,1,1.0,1.0,1.0,1.0,0.0,1.0,0.0,0.0,0.0,0.0
159,1,1.0,1.0,1.0,0.0,0.0,0.0,0.0,0.0,0.0,0.0
160,1,1.0,0.0,0.0,0.0,0.0,0.0,0.0,0.0,0.0,0.0
161,1,0.0,0.0,1.0,1.0,0.0,0.0,0.0,0.0,0.0,0.0
162,0,1.0,1.0,1.0,0.0,1.0,0.0,0.0,0.0,0.0,0.0
163,0,1.0,1.0,0.0,1.0,1.0,0.0,0.0,0.0,0.0,0.0
164,0,1.0,1.0,1.0,0.0,1.0,0.0,0.0,1.0,0.0,0.0
165,0,1.0,1.0,1.0,0.0,1.0,0.0,1.0,0.0,0.0,0.0
166,1,1.0,1.0,0.0,0.0,0.0,0.0,1.0,0.0,1.0,0.0
167,0,0.0,1.0,0.0,0.0,0.0,0.0,0.0,0.0,0.0,0.0
168,1,1.0,1.0,0.0,1.0,1.0,0.0,0.0,1.0,1.0,0.0
169,0,1.0,1.0,1.0,0.0,1.0,0.0,0.0,0.0,0.0,0.0
170,0,1.0,1.0,1.0,0.0,0.0,1.0,0.0,0.0,0.0,0.0
171,1,0.0,1.0,0.0,0.0,0.0,0.0,0.0,0.0,0.0,0.0
172,1,1.0,1.0,1.0,1.0,1.0,0.0,0.0,0.0,1.0,1.0
173,1,1.0,1.0,0.0,0.0,0.0,0.0,0.0,0.0,1.0,0.0
174,1,1.0,1.0,1.0,1.0,0.0,1.0,0.0,0.0,0.0,0.0
175,1,0.0,1.0,1.0,0.0,1.0,1.0,0.0,0.0,1.0,0.0
176,0,1.0,1.0,1.0,1.0,1.0,1.0,0.0,0.0,0.0,1.0
177,0,1.0,1.0,1.0,1.0,0.0,0.0,1.0,0.0,0.0,0.0
178,1,1.0,0.0,0.0,1.0,1.0,0.0,0.0,0.0,0.0,0.0
179,1,1.0,1.0,0.0,0.0,1.0,0.0,0.0,1.0,0.0,0.0
180,1,1.0,1.0,1.0,1.0,0.0,1.0,1.0,1.0,0.0,0.0
181,1,1.0,0.0,1.0,0.0,1.0,0.0,0.0,0.0,0.0,1.0
182,1,1.0,1.0,0.0,1.0,0.0,0.0,0.0,0.0,0.0,0.0
183,0,1.0,0.0,1.0,1.0,1.0,1.0,0.0,0.0,1.0,0.0
184,0,0.0,1.0,1.0,0.0,0.0,0.0,1.0,1.0,0.0,0.0
185,1,1.0,0.0,1.0,0.0,0.0,0.0,0.0,1.0,0.0,0.0
186,1,1.0,0.0,1.0,1.0,1.0,1.0,0.0,1.0,0.0,0.0
187,0,1.0,1.0,1.0,1.0,1.0,0.0,0.0,0.0,0.0,0.0
188,1,1.0,1.0,0.0,1.0,0.0,0.0,0.0,0.0,0.0,0.0
189,0,0.0,1.0,1.0,1.0,1.0,1.0,0.0,0.0,0.0,0.0
190,1,1.0,1.0,1.0,1.0,0.0,0.0,1.0,1.0,0.0,1.0
191,0,1.0,1.0,1.0,1.0,0.0,1.0,0.0,0.0,0.0,0.0
192,0,1.0,1.0,1.0,0.0,1.0,0.0,0.0,0.0,0.0,0.0
193,0,1.0,1.0,1.0,1.0,1.0,0.0,0.0,0.0,0.0,1.0
194,1,1.0,1.0,0.0,1.0,1.0,1.0,1.0,0.0,1.0,0.0
195,1,1.0,1.0,1.0,0.0,0.0,1.0,1.0,0.0,0.0,0.0
196,0,1.0,1.0,1.0,1.0,1.0,1.0,1.0,0.0,0.0,0.0
197,0,1.0,1.0,1.0,1.0,0.0,1.0,0.0,0.0,1.0,0.0
198,1,1.0,1.0,1.0,0.0,1.0,1.0,1.0,0.0,1.0,0.0
199,0,0.0,1.0,0.0,1.0,0.0,0.0,0.0,0.0,0.0,0.0
200,1,1.0,1.0,1.0,0.0,1.0,0.0,0.0,0.0,0.0,0.0
201,1,1.0,1.0,1.0,1.0,0.0,1.0,0.0,1.0,0.0,0.0
202,1,0.0,1.0,1.0,0.0,1.0,0.0,1.0,0.0,0.0,0.0
203,1,1.0,0.0,1.0,0.0,1.0,0.0,0.0,0.0,0.0,0.0
204,1,1.0,0.0,0.0,1.0,0.0,1.0,1.0,0.0,0.0,0.0
205,1,1.0,1.0,1.0,1.0,1.0,1.0,1.0,1.0,0.0,0.0
206,1,1.0,1.0,1.0,0.0,0.0,1.0,1.0,0.0,0.0,0.0
207,1,1.0,1.0,1.0,0.0,0.0,0.0,0.0,0.0,0.0,0.0
208,0,1.0,0.0,1.0,1.0,0.0,1.0,0.0,0.0,0.0,0.0
209,1,1.0,1.0,1.0,1.0,1.0,1.0,0.0,1.0,1.0,1.0
210,1,0.0,0.0,0.0,1.0,1.0,1.0,0.0,0.0,0.0,0.0
211,1,1.0,1.0,1.0,1.0,0.0,0.0,0.0,0.0,0.0,0.0
212,0,1.0,1.0,1.0,1.0,1.0,1.0,1.0,1.0,1.0,0.0
213,0,1.0,0.0,1.0,0.0,0.0,0.0,0.0,0.0,1.0,0.0
214,0,1.0,0.0,0.0,0.0,0.0,0.0,0.0,0.0,0.0,0.0
215,0,1.0,1.0,1.0,1.0,1.0,0.0,1.0,0.0,0.0,0.0
216,0,0.0,0.0,0.0,0.0,0.0,0.0,0.0,0.0,0.0,0.0
217,1,1.0,1.0,0.0,1.0,1.0,1.0,0.0,0.0,0.0,0.0
218,1,1.0,1.0,1.0,1.0,0.0,1.0,0.0,0.0,0.0,1.0
219,1,0.0,1.0,0.0,0.0,0.0,0.0,1.0,0.0,1.0,0.0
220,1,1.0,1.0,0.0,0.0,0.0,0.0,0.0,0.0,1.0,0.0
221,0,1.0,1.0,1.0,1.0,1.0,1.0,0.0,1.0,0.0,1.0
222,1,1.0,0.0,1.0,1.0,1.0,0.0,0.0,0.0,1.0,0.0
223,1,1.0,1.0,1.0,1.0,0.0,1.0,0.0,0.0,0.0,0.0
224,1,1.0,1.0,1.0,0.0,0.0,0.0,1.0,0.0,0.0,0.0
225,0,0.0,1.0,0.0,1.0,0.0,0.0,0.0,0.0,0.0,0.0
226,1,0.0,1.0,1.0,0.0,0.0,1.0,0.0,1.0,0.0,0.0
227,0,1.0,1.0,1.0,1.0,1.0,1.0,1.0,1.0,0.0,0.0
228,0,1.0,1.0,0.0,1.0,1.0,0.0,0.0,0.0,0.0,0.0
229,0,1.0,1.0,1.0,1.0,1.0,1.0,0.0,1.0,0.0,0.0
230,0,0.0,1.0,1.0,1.0,1.0,0.0,0.0,1.0,0.0,0.0
231,1,1.0,1.0,0.0,1.0,0.0,0.0,0.0,1.0,1.0,0.0
232,1,1.0,0.0,1.0,1.0,0.0,1.0,1.0,0.0,0.0,0.0
233,1,1.0,1.0,1.0,0.0,0.0,0.0,0.0,0.0,0.0,0.0
234,0,1.0,1.0,0.0,1.0,1.0,0.0,1.0,0.0,1.0,0.0
235,1,1.0,1.0,1.0,0.0,1.0,0.0,0.0,0.0,0.0,0.0
236,0,0.0,1.0,0.0,1.0,0.0,1.0,1.0,0.0,0.0,0.0
237,1,1.0,1.0,1.0,1.0,1.0,1.0,1.0,0.0,0.0,1.0
238,1,1.0,1.0,1.0,1.0,0.0,0.0,0.0,0.0,0.0,0.0
239,1,1.0,1.0,1.0,0.0,0.0,0.0,0.0,1.0,1.0,1.0
240,0,1.0,1.0,1.0,0.0,1.0,1.0,1.0,1.0,1.0,0.0
241,1,1.0,1.0,0.0,1.0,1.0,1.0,0.0,1.0,0.0,0.0
242,0,1.0,1.0,1.0,1.0,1.0,0.0,1.0,0.0,0.0,0.0
243,1,1.0,0.0,0.0,0.0,0.0,0.0,0.0,0.0,1.0,0.0
244,1,1.0,0.0,0.0,0.0,0.0,1.0,0.0,0.0,0.0,0.0
245,1,1.0,1.0,1.0,1.0,0.0,1.0,0.0,0.0,1.0,0.0
246,1,1.0,1.0,1.0,1.0,1.0,1.0,1.0,1.0,0.0,1.0
247,0,1.0,1.0,1.0,1.0,0.0,0.0,0.0,0.0,0.0,0.0
248,1,1.0,1.0,0.0,0.0,1.0,0.0,1.0,0.0,0.0,0.0
249,1,1.0,1.0,0.0,0.0,1.0,0.0,1.0,0.0,0.0,0.0
250,1,1.0,1.0,0.0,1.0,1.0,0.0,0.0,0.0,1.0,0.0
251,0,1.0,1.0,0.0,0.0,0.0,0.0,1.0,1.0,0.0,0.0
252,0,1.0,0.0,1.0,1.0,1.0,0.0,0.0,1.0,0.0,0.0
253,1,1.0,0.0,1.0,1.0,1.0,1.0,0.0,0.0,0.0,0.0
254,1,1.0,1.0,1.0,1.0,0.0,0.0,1.0,0.0,0.0,0.0
255,0,1.0,1.0,1.0,0.0,1.0,0.0,1.0,1.0,0.0,0.0
256,0,1.0,1.0,0.0,0.0,0.0,0.0,0.0,0.0,0.0,0.0
257,1,1.0,1.0,1.0,1.0,0.0,0.0,0.0,0.0,0.0,0.0
258,1,1.0,1.0,0.0,0.0,0.0,1.0,0.0,0.0,0.0,0.0
259,0,1.0,1.0,1.0,1.0,0.0,0.0,1.0,1.0,1.0,0.0
260,1,0.0,1.0,1.0,0.0,0.0,0.0,0.0,0.0,0.0,0.0
261,0,1.0,1.0,1.0,1.0,1.0,1.0,1.0,0.0,0.0,0.0
262,0,0.0,0.0,0.0,1.0,1.0,0.0,0.0,0.0,0.0,0.0
263,1,1.0,1.0,0.0,1.0,0.0,0.0,0.0,0.0,1.0,0.0
264,1,1.0,1.0,1.0,1.0,1.0,1.0,1.0,0.0,0.0,0.0
265,0,1.0,1.0,1.0,1.0,1.0,1.0,0.0,0.0,0.0,1.0
266,1,1.0,0.0,0.0,0.0,0.0,0.0,0.0,0.0,0.0,0.0
267,1,1.0,1.0,0.0,0.0,1.0,0.0,1.0,0.0,0.0,0.0
268,0,1.0,1.0,1.0,0.0,1.0,0.0,1.0,0.0,0.0,0.0
269,0,1.0,1.0,1.0,1.0,1.0,0.0,0.0,0.0,1.0,0.0
270,1,1.0,1.0,1.0,1.0,1.0,0.0,0.0,1.0,0.0,1.0
271,1,1.0,1.0,1.0,1.0,0.0,0.0,1.0,0.0,0.0,0.0
272,0,1.0,0.0,1.0,1.0,0.0,0.0,0.0,0.0,0.0,0.0
273,0,1.0,1.0,1.0,0.0,1.0,1.0,0.0,0.0,0.0,1.0
274,1,0.0,0.0,1.0,1.0,0.0,1.0,0.0,0.0,0.0,0.0
275,0,0.0,0.0,1.0,1.0,1.0,0.0,0.0,0.0,0.0,0.0
276,1,1.0,0.0,0.0,1.0,0.0,1.0,1.0,0.0,0.0,0.0
277,0,1.0,1.0,1.0,1.0,1.0,1.0,1.0,1.0,0.0,0.0
278,1,1.0,1.0,1.0,1.0,0.0,1.0,0.0,1.0,0.0,0.0
279,0,0.0,1.0,1.0,0.0,1.0,1.0,1.0,1.0,0.0,0.0
280,1,0.0,0.0,0.0,1.0,0.0,0.0,0.0,0.0,0.0,0.0
281,0,1.0,1.0,1.0,1.0,1.0,1.0,1.0,0.0,0.0,0.0
282,1,1.0,0.0,1.0,0.0,0.0,0.0,0.0,0.0,0.0,1.0
283,0,1.0,1.0,1.0,1.0,1.0,1.0,1.0,1.0,0.0,0.0
284,0,1.0,1.0,1.0,0.0,1.0,0.0,0.0,0.0,0.0,0.0
285,0,1.0,1.0,1.0,1.0,1.0,1.0,1.0,0.0,1.0,0.0
286,1,1.0,1.0,0.0,0.0,0.0,0.0,0.0,0.0,0.0,0.0
287,1,1.0,0.0,1.0,0.0,0.0,0.0,0.0,1.0,0.0,0.0
288,1,1.0,1.0,1.0,1.0,1.0,0.0,1.0,0.0,0.0,0.0
289,0,1.0,1.0,1.0,0.0,1.0,1.0,0.0,0.0,0.0,0.0
290,0,1.0,1.0,1.0,1.0,1.0,1.0,1.0,0.0,0.0,1.0
291,1,1.0,1.0,1.0,0.0,0.0,1.0,1.0,0.0,0.0,0.0
292,1,1.0,1.0,0.0,0.0,0.0,1.0,0.0,0.0,0.0,0.0
293,0,1.0,0.0,1.0,0.0,0.0,0.0,0.0,0.0,0.0,0.0
294,0,0.0,1.0,1.0,0.0,1.0,1.0,1.0,0.0,0.0,0.0
295,1,0.0,1.0,1.0,0.0,0.0,1.0,0.0,1.0,0.0,0.0
296,1,1.0,1.0,1.0,1.0,1.0,1.0,0.0,0.0,1.0,0.0
297,1,1.0,1.0,1.0,0.0,0.0,0.0,0.0,0.0,0.0,0.0
298,1,0.0,1.0,0.0,0.0,0.0,1.0,0.0,0.0,0.0,0.0
299,1,1.0,1.0,1.0,0.0,0.0,1.0,1.0,1.0,0.0,0.0
300,1,1.0,1.0,1.0,1.0,1.0,1.0,0.0,0.0,0.0,0.0
301,0,0.0,1.0,1.0,1.0,1.0,1.0,1.0,1.0,1.0,1.0
302,1,1.0,1.0,1.0,1.0,1.0,1.0,1.0,1.0,1.0,1.0
303,0,1.0,1.0,1.0,1.0,1.0,0.0,0.0,1.0,1.0,1.0
304,1,1.0,1.0,1.0,0.0,1.0,0.0,0.0,1.0,0.0,0.0
305,0,1.0,1.0,0.0,0.0,0.0,1.0,1.0,1.0,0.0,0.0
306,1,1.0,1.0,0.0,0.0,0.0,0.0,1.0,0.0,0.0,0.0
307,0,1.0,0.0,0.0,1.0,0.0,0.0,0.0,0.0,0.0,0.0
308,0,0.0,1.0,1.0,1.0,0.0,0.0,1.0,1.0,0.0,0.0
309,1,1.0,1.0,0.0,0.0,1.0,0.0,0.0,0.0,0.0,0.0
310,1,1.0,1.0,0.0,0.0,1.0,0.0,0.0,0.0,0.0,0.0
311,0,1.0,1.0,1.0,1.0,0.0,1.0,1.0,1.0,0.0,0.0
312,1,1.0,0.0,1.0,1.0,1.0,0.0,1.0,0.0,0.0,0.0
313,0,1.0,0.0,1.0,1.0,0.0,1.0,0.0,0.0,0.0,0.0
314,0,0.0,1.0,1.0,0.0,0.0,0.0,0.0,0.0,0.0,0.0
315,1,0.0,1.0,0.0,0.0,0.0,0.0,0.0,0.0,0.0,0.0
316,1,0.0,1.0,1.0,1.0,1.0,1.0,1.0,1.0,0.0,0.0
317,0,1.0,1.0,1.0,1.0,0.0,0.0,1.0,1.0,0.0,0.0
318,0,1.0,1.0,0.0,0.0,1.0,0.0,0.0,0.0,0.0,0.0
319,1,0.0,0.0,1.0,1.0,0.0,0.0,1.0,1.0,0.0,0.0
320,0,1.0,1.0,1.0,0.0,0.0,0.0,0.0,0.0,0.0,0.0
321,1,1.0,1.0,0.0,1.0,0.0,1.0,1.0,0.0,0.0,0.0
322,0,1.0,1.0,0.0,0.0,1.0,0.0,0.0,0.0,0.0,0.0
323,1,1.0,1.0,1.0,1.0,1.0,1.0,0.0,1.0,1.0,1.0
324,1,1.0,1.0,1.0,1.0,1.0,0.0,0.0,1.0,1.0,0.0
325,0,1.0,1.0,1.0,1.0,1.0,1.0,0.0,0.0,0.0,1.0
326,1,1.0,1.0,0.0,1.0,1.0,0.0,1.0,0.0,0.0,0.0
327,1,1.0,1.0,1.0,1.0,0.0,0.0,1.0,0.0,0.0,0.0
328,1,1.0,1.0,1.0,1.0,0.0,1.0,1.0,1.0,1.0,1.0
329,0,1.0,0.0,1.0,0.0,1.0,0.0,0.0,1.0,0.0,0.0
330,0,1.0,1.0,1.0,1.0,1.0,1.0,1.0,1.0,1.0,1.0
331,1,1.0,1.0,1.0,0.0,0.0,0.0,0.0,0.0,0.0,0.0
332,1,1.0,0.0,1.0,0.0,0.0,1.0,0.0,0.0,0.0,0.0
333,0,0.0,0.0,0.0,1.0,0.0,0.0,0.0,0.0,0.0,0.0
334,1,1.0,1.0,1.0,1.0,0.0,1.0,1.0,0.0,0.0,0.0
335,1,0.0,1.0,1.0,0.0,0.0,0.0,0.0,0.0,1.0,0.0
336,1,1.0,1.0,1.0,1.0,0.0,0.0,0.0,0.0,0.0,0.0
337,0,1.0,1.0,1.0,1.0,1.0,1.0,0.0,0.0,1.0,0.0
338,0,0.0,0.0,0.0,0.0,0.0,0.0,0.0,0.0,0.0,0.0
339,0,1.0,1.0,1.0,1.0,1.0,0.0,1.0,0.0,1.0,1.0
340,0,1.0,1.0,1.0,1.0,1.0,1.0,1.0,0.0,0.0,0.0
341,1,0.0,0.0,1.0,1.0,0.0,0.0,0.0,0.0,0.0,0.0
342,0,1.0,1.0,1.0,0.0,0.0,0.0,0.0,0.0,0.0,0.0
343,0,1.0,1.0,0.0,1.0,1.0,1.0,0.0,0.0,0.0,0.0
344,0,1.0,1.0,1.0,1.0,1.0,1.0,1.0,1.0,0.0,0.0
345,0,1.0,1.0,1.0,1.0,0.0,1.0,1.0,0.0,0.0,0.0
346,0,1.0,1.0,1.0,1.0,0.0,1.0,1.0,1.0,1.0,1.0
347,0,1.0,1.0,0.0,1.0,0.0,1.0,0.0,1.0,0.0,0.0
348,1,1.0,1.0,1.0,1.0,0.0,1.0,1.0,0.0,0.0,0.0
349,0,0.0,1.0,1.0,0.0,0.0,0.0,1.0,0.0,0.0,0.0
350,1,1.0,0.0,1.0,1.0,1.0,1.0,0.0,0.0,0.0,0.0
351,0,1.0,1.0,0.0,1.0,1.0,0.0,0.0,0.0,0.0,0.0
352,0,1.0,1.0,1.0,0.0,1.0,1.0,0.0,0.0,1.0,0.0
353,0,1.0,0.0,1.0,1.0,1.0,0.0,1.0,1.0,1.0,0.0
354,0,1.0,1.0,1.0,0.0,1.0,0.0,0.0,1.0,1.0,0.0
355,0,1.0,0.0,0.0,0.0,1.0,0.0,0.0,0.0,0.0,0.0
356,1,1.0,1.0,1.0,1.0,1.0,1.0,0.0,0.0,1.0,0.0
357,0,1.0,1.0,1.0,1.0,1.0,1.0,0.0,0.0,0.0,0.0
358,0,1.0,1.0,1.0,0.0,0.0,0.0,0.0,0.0,0.0,0.0
359,1,1.0,1.0,1.0,1.0,0.0,1.0,1.0,1.0,0.0,0.0
360,1,1.0,1.0,1.0,0.0,0.0,0.0,0.0,0.0,1.0,0.0
361,1,1.0,1.0,1.0,1.0,0.0,1.0,0.0,1.0,0.0,1.0
362,1,0.0,1.0,0.0,1.0,0.0,0.0,0.0,0.0,0.0,0.0
363,0,1.0,1.0,1.0,1.0,0.0,1.0,0.0,0.0,1.0,0.0
364,1,1.0,1.0,1.0,0.0,0.0,1.0,1.0,1.0,0.0,0.0
365,1,1.0,1.0,1.0,0.0,1.0,0.0,0.0,1.0,0.0,0.0
366,1,1.0,1.0,1.0,0.0,0.0,1.0,0.0,0.0,0.0,0.0
367,1,1.0,1.0,1.0,0.0,0.0,1.0,0.0,0.0,0.0,0.0
368,1,1.0,1.0,1.0,1.0,0.0,1.0,1.0,0.0,0.0,0.0
369,1,1.0,1.0,1.0,1.0,1.0,0.0,1.0,1.0,0.0,0.0
370,1,1.0,1.0,1.0,1.0,1.0,1.0,0.0,0.0,0.0,0.0
371,1,1.0,0.0,0.0,1.0,1.0,0.0,0.0,0.0,0.0,0.0
372,0,1.0,1.0,1.0,1.0,0.0,1.0,0.0,0.0,0.0,1.0
373,0,1.0,1.0,1.0,1.0,0.0,1.0,0.0,1.0,0.0,1.0
374,1,1.0,1.0,1.0,1.0,0.0,1.0,0.0,0.0,0.0,0.0
375,1,1.0,1.0,1.0,1.0,1.0,1.0,1.0,0.0,1.0,0.0
376,0,1.0,1.0,1.0,1.0,1.0,1.0,1.0,1.0,1.0,0.0
377,1,1.0,1.0,1.0,1.0,0.0,0.0,1.0,0.0,1.0,1.0
378,0,1.0,1.0,1.0,1.0,1.0,1.0,1.0,1.0,1.0,1.0
379,0,0.0,1.0,1.0,1.0,1.0,0.0,0.0,0.0,0.0,0.0
380,1,1.0,0.0,0.0,0.0,0.0,0.0,0.0,0.0,0.0,0.0
381,1,0.0,0.0,0.0,0.0,0.0,0.0,0.0,0.0,0.0,0.0
382,1,1.0,1.0,1.0,1.0,0.0,1.0,0.0,0.0,0.0,0.0
383,0,1.0,1.0,1.0,1.0,1.0,1.0,1.0,1.0,1.0,0.0
384,0,1.0,0.0,1.0,1.0,1.0,0.0,0.0,0.0,0.0,0.0
385,1,1.0,1.0,0.0,1.0,1.0,1.0,0.0,0.0,0.0,0.0
386,1,1.0,1.0,0.0,1.0,0.0,0.0,0.0,0.0,0.0,0.0
387,0,1.0,1.0,0.0,0.0,1.0,0.0,0.0,0.0,0.0,0.0
388,1,1.0,0.0,1.0,1.0,0.0,0.0,1.0,0.0,0.0,0.0
389,1,1.0,1.0,1.0,1.0,0.0,0.0,0.0,0.0,0.0,1.0
390,1,1.0,0.0,0.0,1.0,0.0,1.0,1.0,0.0,0.0,0.0
391,0,1.0,0.0,0.0,1.0,1.0,0.0,0.0,0.0,0.0,0.0
392,1,1.0,1.0,1.0,1.0,0.0,0.0,0.0,1.0,0.0,0.0
393,1,0.0,1.0,1.0,1.0,0.0,1.0,0.0,1.0,0.0,0.0
394,0,1.0,1.0,1.0,1.0,1.0,0.0,0.0,0.0,0.0,0.0
395,0,1.0,1.0,1.0,0.0,1.0,1.0,1.0,1.0,0.0,0.0
396,1,1.0,1.0,0.0,1.0,0.0,1.0,0.0,0.0,0.0,0.0
397,1,0.0,1.0,0.0,1.0,1.0,0.0,1.0,1.0,1.0,0.0
398,1,1.0,1.0,1.0,0.0,0.0,1.0,0.0,0.0,0.0,0.0
399,1,1.0,0.0,0.0,0.0,0.0,1.0,0.0,0.0,0.0,0.0
400,1,1.0,1.0,1.0,1.0,1.0,1.0,1.0,0.0,0.0,0.0
401,1,1.0,0.0,1.0,1.0,1.0,1.0,1.0,0.0,1.0,0.0
402,0,1.0,1.0,1.0,1.0,1.0,0.0,1.0,1.0,1.0,0.0
403,0,1.0,1.0,1.0,1.0,1.0,0.0,0.0,0.0,0.0,0.0
404,1,1.0,1.0,1.0,1.0,0.0,0.0,0.0,0.0,0.0,0.0
405,0,1.0,1.0,0.0,0.0,0.0,0.0,1.0,1.0,0.0,1.0
406,0,0.0,1.0,1.0,0.0,1.0,0.0,0.0,0.0,1.0,0.0
407,0,1.0,0.0,1.0,1.0,0.0,1.0,1.0,0.0,0.0,0.0
408,0,1.0,1.0,1.0,1.0,0.0,0.0,0.0,0.0,0.0,0.0
409,0,1.0,0.0,0.0,0.0,1.0,0.0,0.0,0.0,0.0,0.0
410,0,1.0,1.0,1.0,0.0,1.0,0.0,0.0,0.0,0.0,0.0
411,0,1.0,1.0,0.0,1.0,1.0,1.0,1.0,0.0,1.0,1.0
412,0,1.0,1.0,1.0,1.0,1.0,0.0,1.0,0.0,0.0,1.0
413,0,1.0,1.0,1.0,1.0,0.0,1.0,0.0,0.0,0.0,0.0
414,1,1.0,1.0,0.0,1.0,1.0,1.0,1.0,1.0,1.0,0.0
415,0,1.0,1.0,1.0,1.0,0.0,1.0,0.0,0.0,0.0,0.0
416,1,1.0,0.0,1.0,1.0,1.0,0.0,0.0,1.0,0.0,0.0
417,0,1.0,0.0,0.0,0.0,0.0,0.0,0.0,0.0,0.0,0.0
418,1,1.0,1.0,1.0,1.0,1.0,0.0,1.0,1.0,0.0,1.0
419,0,1.0,1.0,1.0,0.0,0.0,1.0,1.0,0.0,1.0,0.0
420,0,1.0,1.0,1.0,1.0,1.0,1.0,0.0,1.0,1.0,0.0
421,1,1.0,0.0,1.0,1.0,0.0,0.0,0.0,0.0,0.0,0.0
422,1,1.0,1.0,0.0,1.0,1.0,1.0,0.0,1.0,1.0,1.0
423,0,1.0,1.0,0.0,0.0,0.0,0.0,0.0,0.0,0.0,0.0
424,0,0.0,0.0,0.0,1.0,1.0,1.0,0.0,1.0,0.0,0.0
425,0,1.0,1.0,1.0,0.0,1.0,1.0,1.0,0.0,0.0,0.0
426,1,0.0,0.0,0.0,0.0,0.0,0.0,0.0,0.0,0.0,0.0
427,0,1.0,1.0,1.0,0.0,1.0,0.0,0.0,0.0,0.0,0.0
428,0,1.0,1.0,1.0,1.0,1.0,0.0,0.0,1.0,0.0,0.0
429,1,0.0,1.0,1.0,1.0,1.0,0.0,0.0,0.0,0.0,1.0
430,0,1.0,1.0,1.0,1.0,1.0,0.0,0.0,0.0,0.0,0.0
431,0,1.0,1.0,0.0,0.0,0.0,0.0,0.0,0.0,0.0,0.0
432,0,1.0,1.0,0.0,1.0,1.0,1.0,0.0,0.0,0.0,0.0
433,1,1.0,1.0,1.0,1.0,0.0,1.0,0.0,1.0,0.0,0.0
434,1,0.0,1.0,1.0,0.0,1.0,1.0,1.0,0.0,1.0,0.0
435,1,0.0,1.0,0.0,0.0,1.0,0.0,0.0,0.0,0.0,0.0
436,1,1.0,0.0,1.0,1.0,0.0,0.0,1.0,0.0,0.0,0.0
437,1,1.0,1.0,1.0,0.0,0.0,0.0,0.0,0.0,1.0,0.0
438,0,0.0,1.0,1.0,0.0,0.0,0.0,0.0,0.0,0.0,0.0
439,0,1.0,1.0,1.0,1.0,0.0,1.0,1.0,1.0,0.0,0.0
440,0,1.0,1.0,1.0,1.0,1.0,1.0,0.0,0.0,1.0,1.0
441,0,1.0,1.0,0.0,1.0,1.0,0.0,0.0,0.0,1.0,0.0
442,0,1.0,0.0,0.0,1.0,0.0,1.0,0.0,0.0,1.0,0.0
443,1,0.0,0.0,1.0,1.0,1.0,0.0,0.0,0.0,0.0,0.0
444,1,0.0,1.0,1.0,0.0,0.0,0.0,0.0,0.0,0.0,0.0
445,0,1.0,1.0,0.0,0.0,0.0,0.0,0.0,0.0,0.0,0.0
446,1,1.0,1.0,1.0,0.0,0.0,0.0,0.0,0.0,0.0,0.0
447,1,1.0,1.0,0.0,1.0,0.0,0.0,0.0,0.0,0.0,0.0
448,1,0.0,0.0,0.0,1.0,0.0,0.0,0.0,0.0,0.0,0.0
449,0,1.0,1.0,1.0,1.0,1.0,1.0,0.0,1.0,0.0,0.0
450,0,1.0,1.0,1.0,1.0,0.0,0.0,0.0,0.0,1.0,0.0
451,1,1.0,1.0,1.0,1.0,0.0,1.0,1.0,1.0,0.0,0.0
452,0,1.0,1.0,1.0,1.0,1.0,1.0,1.0,1.0,1.0,1.0
453,0,1.0,1.0,1.0,1.0,1.0,1.0,0.0,0.0,0.0,0.0
454,0,1.0,1.0,1.0,1.0,1.0,0.0,1.0,1.0,1.0,1.0
455,0,1.0,1.0,1.0,1.0,1.0,0.0,0.0,0.0,0.0,0.0
456,0,1.0,1.0,1.0,1.0,1.0,1.0,0.0,1.0,1.0,1.0
457,1,1.0,1.0,1.0,0.0,0.0,1.0,0.0,0.0,0.0,0.0
458,1,1.0,0.0,1.0,0.0,1.0,1.0,1.0,1.0,1.0,0.0
459,0,1.0,1.0,0.0,1.0,1.0,0.0,1.0,0.0,0.0,0.0
460,1,1.0,1.0,1.0,0.0,0.0,1.0,0.0,0.0,0.0,0.0
461,0,1.0,1.0,1.0,1.0,1.0,0.0,0.0,1.0,0.0,0.0
462,1,1.0,1.0,1.0,0.0,1.0,0.0,0.0,0.0,0.0,0.0
463,0,1.0,0.0,1.0,0.0,0.0,0.0,0.0,0.0,0.0,0.0
464,0,1.0,1.0,1.0,0.0,0.0,0.0,0.0,0.0,0.0,0.0
465,1,0.0,1.0,1.0,0.0,0.0,0.0,1.0,0.0,0.0,0.0
466,0,1.0,1.0,1.0,0.0,0.0,0.0,1.0,0.0,0.0,0.0
467,1,0.0,1.0,1.0,1.0,0.0,0.0,0.0,0.0,0.0,0.0
468,0,0.0,0.0,1.0,0.0,0.0,0.0,0.0,0.0,0.0,0.0
469,0,1.0,1.0,1.0,1.0,1.0,0.0,0.0,1.0,0.0,0.0
470,1,1.0,1.0,1.0,1.0,0.0,1.0,0.0,1.0,1.0,0.0
471,0,1.0,1.0,1.0,1.0,0.0,0.0,0.0,1.0,0.0,0.0
472,1,1.0,0.0,1.0,0.0,0.0,0.0,0.0,0.0,0.0,0.0
473,1,1.0,1.0,1.0,0.0,0.0,0.0,1.0,0.0,0.0,0.0
474,1,1.0,1.0,0.0,0.0,0.0,1.0,0.0,0.0,0.0,0.0
475,0,1.0,1.0,0.0,1.0,1.0,0.0,0.0,0.0,1.0,0.0
476,0,1.0,1.0,1.0,0.0,0.0,1.0,1.0,0.0,1.0,0.0
477,0,1.0,1.0,1.0,1.0,1.0,1.0,0.0,0.0,0.0,0.0
478,0,1.0,1.0,1.0,1.0,1.0,1.0,1.0,0.0,0.0,1.0
479,0,1.0,1.0,0.0,1.0,1.0,1.0,1.0,0.0,0.0,0.0
480,0,1.0,1.0,0.0,1.0,1.0,1.0,1.0,0.0,0.0,0.0
481,0,0.0,1.0,0.0,0.0,0.0,0.0,0.0,0.0,0.0,0.0
482,0,1.0,1.0,1.0,1.0,0.0,1.0,1.0,1.0,0.0,0.0
483,0,1.0,1.0,0.0,0.0,0.0,1.0,1.0,0.0,0.0,0.0
484,0,1.0,1.0,1.0,1.0,1.0,1.0,1.0,0.0,0.0,0.0
485,0,0.0,1.0,1.0,1.0,1.0,1.0,1.0,0.0,1.0,0.0
486,1,1.0,1.0,1.0,1.0,0.0,1.0,1.0,0.0,0.0,0.0
487,1,1.0,1.0,1.0,0.0,0.0,1.0,1.0,0.0,0.0,0.0
488,0,1.0,1.0,1.0,1.0,0.0,0.0,1.0,1.0,0.0,1.0
489,1,1.0,1.0,0.0,1.0,0.0,0.0,0.0,0.0,0.0,0.0
490,0,1.0,1.0,0.0,1.0,1.0,0.0,0.0,0.0,1.0,0.0
491,1,0.0,0.0,1.0,0.0,0.0,0.0,0.0,0.0,0.0,0.0
492,1,1.0,1.0,0.0,0.0,0.0,0.0,0.0,0.0,0.0,1.0
493,0,1.0,1.0,1.0,1.0,1.0,1.0,0.0,0.0,0.0,0.0
494,1,1.0,1.0,0.0,1.0,1.0,1.0,0.0,0.0,0.0,0.0
495,0,1.0,1.0,0.0,0.0,0.0,0.0,0.0,0.0,0.0,0.0
496,1,1.0,1.0,1.0,1.0,1.0,0.0,1.0,0.0,0.0,0.0
497,0,1.0,1.0,1.0,1.0,1.0,1.0,1.0,0.0,1.0,0.0
498,0,1.0,1.0,1.0,1.0,1.0,1.0,0.0,1.0,0.0,1.0
499,1,0.0,0.0,0.0,1.0,1.0,0.0,0.0,0.0,0.0,0.0
500,1,1.0,1.0,0.0,0.0,0.0,1.0,0.0,0.0,1.0,0.0
